?	?	?	#	$	?	&	?	?	?	?	+	?	?	?	?
?	1	2	3	4	5	6	7	8	9	?	?	?	?	?	?
?	A	B	C	D	E	F	G	H	?	?	K	?	M	?	?
P	?	R	S	T	?	?	W	?	?	Z	?	?	?	?	?
?	e	?	?	?	e	f	g	?	?	?	?	?	m	n	?
?	?	r	?	t	?	?	?	?	?	?	?	?	?	?	?
?	?	?	?	?	元	元	?	?	?	?	?	?	?	?	?
?	?	?	?	?	?	?	?	?	?	?	?	?	?	?	5
?	?	?	?	?	?	?	?	?	?	?	?	?	?	?	?
?	?	?	?	?	?	?	?	?	?	?	?	?	?	?	?
屯	?	?	?	?	上	上	?	?	?	?	3	?	?	?	?
?	?	?	?	?	?	?	?	工	工	才	才	力	力	丰	?
?	?	?	宁	?	?	?	女	?	?	?	?	4	?	?	?
?	?	于	?	?	?	?	?	?	?	?	?	二	又	不	?
?	?	?	E	E	E	?	?	?	?	?	?	?	术	术	?
三	?	?	毛	?	?	?	?	3	3	?	?	?	?	■	?
?	?	?	?	?	?	力	?	?	?	?	?	?	?	?	?
?	?	?	?	?	全	?	?	?	?	?	?	?	?	?	?
?	?	?	?	?	?	?	?	?	?	?	?	?	?	?	?
?	?	?	?	?	?	?	?	?	?	?	?	?	?	?	?
?	?	?	?	?	?	?	?	?	+	?	?	?	?	?	?
?	?	?	?	?	?	?	?	?	?	?	?	?	?	?	?
?	?	?	?	?	?	?	?	?	M	?	?	?	?	?	?
?	?	?	?	?	$	?	?	?	?	8	?	?	?	?	?
8	?	?	?	?	?	?	?	?	?	?	?	?	?	?	?
?	?	?	?	?	?	?	?	?	?	X	?	?	?	?	?
?	2	3	4	?	?	9	1	?	1	1	1	1	1	1	1
?	2	?	2	3	?	?	6	?	8	9	?	1	(	(	1
?	(	1	1	(	?	?	?	?	?	?	?	?	?	?	1
?	?	?	四	五	六	?	?	九	?	?	?	?	?	?	?
?	?	?	?	?	?	?	?	?	A	B	?	?	E	Z	H
H	?	K	?	M	?	三	?	?	P	M	T	?	?	?	?
?	?	?	?	?	?	2	?	?	?	K	?	?	?	?	?
?	?	?	1	?	?	?	?	?	A	6	B	?	?	E	E
?	3	?	?	K	?	M	H	?	?	P	?	T	y	?	?
?	?	?	?	?	?	D	?	?	B	a	6	B	厂	A	e
?	?	3	?	?	K	?	M	H	?	?	?	?	T	?	?
?	4	?	?	?	b	?	?	3	?	?	a	?	a	a	?
?	?	?	?	?	?	?	?	?	?	?	n	?	?	?	?
?	?	?	?	?	?	?	?	?	分	?	?	?	?	?	?
?	?	?	?	?	?	?	?	专	?	?	?	?	?	?	?
?	又	?	?	无	?	儿	?	?	?	?	?	?	?	?	?
?	?	?	?	?	?	?	?	?	?	?	?	?	?	?	?
?	?	?	?	?	?	?	?	?	?	?	?	?	?	?	?
?	?	?	?	?	?	?	?	?	?	?	?	?	?	?	?
?	?	?	?	?	?	?	?	?	?	?	?	?	?	?	?
?	?	?	?	?	?	阿	阿	埃	挨	哎	喉	?	?	癌	?
矮	艾	碍	爱	?	安	氨	安	俺	按	暗	岸	胺	案	航	昂
?	?	?	?	翱	?	傲	奥	?	澳	芭	捌	扒	?	吧	?
?	疤	巴	拔	跋	靶	把	?	坝	霸	罢	爸	?	柏	百	摆
佰	败	手	稗	斑	班	搬	扳	般	颁	板	版	扮	拌	伴	?
半	办	绊	邦	帮	?	榜	膀	绑	棒	磅	蚌	?	?	?	苞
胞	包	褒	剥	薄	?	保	堡	饱	宝	抱	报	暴	豹	鲍	爆
杯	碑	悲	卑	北	辈	背	贝	?	倍	?	备	惫	焙	被	奔
苯	本	笨	崩	绷	?	泵	蹦	进	逼	鼻	比	鄙	笔	彼	碧
?	蔽	毕	毙	?	?	?	痹	闭	?	?	必	辟	壁	臂	?
?	?	边	编	贬	扁	便	变	?	?	?	?	遍	标	彪	?
表	?	?	别	?	彬	?	?	滨	宾	槟	兵	冰	柄	丙	秉
饼	炳	病	并	玻	菠	播	拨	?	波	博	勃	搏	铂	箔	伯
帛	舶	脖	?	渤	泊	驳	捕	?	哺	补	埠	?	布	步	?
部	怖	擦	猜	裁	材	才	财	?	踩	采	彩	菜	蔡	餐	参
蚕	残	惭	惨	灿	苍	舱	仓	沧	藏	操	糙	槽	曹	草	?
策	?	册	测	层	蹭	插	?	茬	茶	查	碴	?	察	岔	差
?	拆	柴	豺	?	掺	?	馋	?	缠	铲	?	?	颤	昌	?
场	尝	常	长	偿	肠	?	?	畅	唱	倡	超	抄	钞	朝	嘲
潮	巢	?	炒	车	?	撤	?	彻	澈	?	臣	辰	?	晨	?
沉	陈	趁	衬	撑	称	城	橙	成	呈	乘	程	惩	澄	诚	承
?	骋	秤	吃	痴	持	匙	池	迟	?	驰	?	齿	侈	尺	赤
翅	?	炽	充	冲	虫	崇	宠	抽	?	?	?	稠	秋	筹	?
绸	?	?	臭	初	出	橱	厨	曙	?	?	滁	除	楚	础	储
矗	搐	触	处	?	?	穿	橡	传	船	?	串	疮	窗	幢	床
?	创	吹	?	捶	锤	垂	春	椿	醇	唇	淳	纯	蠢	?	绰
?	茨	?	?	辞	慈	瓷	词	此	刺	赐	次	聪	葱	?	匆
从	?	?	粗	醋	?	促	?	?	窜	摧	崔	催	脆	?	粹
淬	翠	村	存	?	磋	?	搓	措	挫	错	搭	达	答	瘩	打
大	呆	?	?	戴	带	殆	代	贷	袋	待	逮	?	耽	担	丹
单	单	?	胆	日	氮	但	禅	淡	诞	弹	蛋	当	挡	党	荡
档	刀	捣	蹈	倒	岛	祷	导	到	稻	?	道	盗	德	得	的
?	灯	登	等	瞪	凳	邓	堤	低	滴	迪	敌	笛	狄	涤	翟
?	抵	底	地	蒂	第	帝	弟	递	缔	颠	掂	滇	?	点	?
?	?	电	?	甸	店	?	奠	淀	殿	?	?	?	?	?	掉
吊	钓	调	跌	?	碟	?	?	?	叠	?	?	?	钉	顶	鼎
锭	定	?	丢	东	冬	董	懂	动	栋	同	?	冻	洞	兜	抖
?	陡	?	逗	痘	都	督	毒	?	独	读	堵	?	赌	杜	镀
?	度	渡	?	端	短	锻	段	断	缎	堆	兑	队	对	墩	吨
?	敦	顿	?	钝	盾	遁	摄	哆	多	夺	垛	躲	朵	?	舵
剁	?	?	?	?	?	俄	额	?	娥	?	?	?	?	鄂	饿
恩	而	?	耳	尔	饵	洱	?	贰	发	罚	筏	?	之	阀	法
?	潘	帆	番	?	樊	矾	钒	?	凡	烦	反	返	范	贩	犯
饭	泛	坊	芳	方	肪	房	防	妨	仿	访	纺	放	菲	非	啡
?	肥	?	?	?	肺	废	沸	费	芬	酚	?	氛	分	纷	坟
?	汾	粉	奋	份	?	愤	粪	丰	封	枫	蜂	峰	锋	风	疯
烽	逢	冯	缝	讽	奉	凤	佛	?	夫	敷	肤	?	扶	拂	?
幅	氟	符	伏	俘	服	浮	?	福	?	弗	甫	抚	辅	俯	釜
斧	脯	附	府	腐	赴	副	覆	赋	复	傅	付	阜	?	腹	负
富	?	附	妇	缚	?	噶	?	该	改	概	钙	盖	溉	?	甘
杆	?	竿	肝	赶	感	?	敢	赣	?	?	钢	?	肛	纲	岗
港	杠	?	皋	高	膏	?	糕	搞	镐	稿	告	哥	歌	搁	戈
鸽	?	疙	割	革	葛	格	蛤	阁	隔	铬	?	各	给	根	跟
耕	更	?	?	?	耿	梗	?	攻	功	恭	龚	供	躬	公	宫
弓	巩	汞	拱	贡	?	钩	公	沟	?	狗	垢	构	购	够	辜
菇	咕	箍	估	沽	孤	姑	鼓	古	蛊	骨	谷	股	故	顾	固
雇	刮	瓜	?	寡	挂	褂	乖	拐	怪	棺	关	官	冠	观	管
馆	罐	惯	灌	贯	光	?	?	瑰	规	?	硅	归	龟	闺	轨
鬼	?	癸	桂	柜	跪	贵	会	辊	滚	棍	锅	郭	国	果	裹
过	哈	骸	孩	海	?	亥	害	?	?	憨	邯	韩	含	涵	寒
函	喊	罕	翰	撼	捍	旱	憾	悍	焊	汗	汉	夯	杭	航	壕
?	豪	毫	郝	好	耗	号	浩	?	喝	荷	菏	核	?	和	何
合	盒	?	?	河	?	赫	褐	鹤	贺	?	黑	痕	很	?	恨
?	?	横	衡	恒	轰	?	烘	虹	鸿	洪	宏	?	红	喉	?
猴	?	厚	候	后	呼	乎	忽	?	壶	葫	胡	?	狐	糊	湖
?	虎	?	护	互	沪	户	花	?	华	?	滑	画	划	?	话
槐	?	怀	淮	?	欢	?	桓	还	缓	换	患	唤	痪	?	焕
涣	宦	幻	荒	慌	黄	磺	蝗	簧	皇	凰	?	煌	晃	幌	恍
谎	灰	挥	辉	徽	恢	?	回	毁	悔	?	卉	惠	嗨	?	?
会	烩	汇	讳	诲	绘	荤	?	婚	魂	浑	混	?	活	伙	火
获	或	惑	霍	货	祸	击	圾	?	机	畸	稽	积	箕	肌	饥
迹	激	?	鸡	姬	绩	缉	吉	极	棘	辑	籍	集	及	急	疾
汲	即	嫉	级	挤	?	脊	己	蓟	技	冀	季	?	?	剂	?
济	寄	?	计	记	既	忌	际	妓	?	纪	嘉	?	夹	佳	家
加	?	颊	贾	?	钾	假	稼	价	架	驾	嫁	?	?	坚	尖
?	间	前	兼	肩	艰	奸	?	?	检	?	碱	?	?	捡	简
俭	剪	减	荐	槛	鉴	践	?	见	键	箭	件	健	舰	剑	?
?	溅	涧	建	僵	姜	将	浆	?	疆	蒋	?	奖	讲	匠	酱
?	蕉	椒	礁	焦	胶	交	郊	浇	骄	娇	嚼	搅	铰	矫	?
脚	狡	角	饺	缴	绞	巢	教	酵	轿	较	?	窖	揭	接	皆
秸	街	阶	截	?	节	桔	?	捷	睫	竭	洁	结	解	姐	戒
?	?	界	借	?	?	诫	届	?	筋	斤	金	?	津	襟	紧
锦	仅	谨	进	靳	三	禁	近	?	浸	尽	劲	荆	兢	?	?
晶	鲸	京	惊	精	?	经	?	?	景	颈	静	境	敬	镜	径
?	靖	?	竞	净	?	窘	揪	究	?	玖	非	久	灸	九	酒
既	救	?	?	舅	?	就	?	?	拘	狙	疽	居	驹	菊	局
?	矩	举	?	聚	拒	据	?	具	?	?	锯	俱	句	惧	炬
剧	捐	鹃	娟	倦	?	卷	绢	?	?	?	掘	倔	爵	觉	决
诀	绝	均	菌	?	军	君	?	俊	?	浚	?	骏	?	咖	卡
咯	开	指	楷	凯	?	刊	?	勘	坎	砍	看	康	慷	?	?
抗	亢	炕	考	拷	烤	靠	珂	?	柯	?	磕	颗	科	壳	咳
?	渴	克	刻	客	课	肯	啃	垦	?	坑	?	空	?	孔	控
抠	?	扣	?	?	哭	窟	苦	酷	库	裤	夸	?	?	跨	?
块	筷	偿	快	宽	款	?	筐	狂	框	矿	?	?	况	?	盔
?	窥	葵	?	魁	?	馈	愧	溃	坤	昆	捆	困	括	扩	?
阔	垃	拉	喇	蜡	腊	辣	啦	莱	来	赖	蓝	婪	栏	拦	?
阑	?	澜	澜	揽	览	懒	缆	烂	?	琅	榔	狼	廊	郎	朗
浪	捞	劳	牢	老	佬	姥	酪	烙	涝	勒	乐	雷	镭	蕾	磊
累	?	垒	擂	肋	类	泪	棱	楞	冷	厘	梨	?	黎	?	狸
离	漓	理	?	里	鲤	礼	莉	荔	?	栗	丽	厉	励	乐	历
利	?	例	?	?	?	粒	沥	隶	力	璃	哩	俩	联	莲	连
镰	?	?	涟	帘	敛	脸	链	恋	炼	练	粮	凉	梁	?	良
两	?	量	晾	亮	谅	撩	聊	僚	疗	燎	?	辽	潦	?	?
?	?	料	列	裂	?	劣	猎	琳	林	磷	?	临	邻	?	淋
凛	赁	?	拎	玲	菱	零	龄	铃	伶	羚	凌	灵	陵	?	领
另	?	?	琉	榴	硫	馏	留	刘	瘤	流	柳	?	龙	聋	?
笼	隆	隆	?	拢	陇	楼	娄	?	篓	漏	陋	芦	?	?	庐
炉	?	卤	?	鲁	麓	碌	露	路	?	鹿	路	禄	录	陆	?
马	吕	铝	侣	旅	履	?	?	?	氯	律	率	滤	绿	?	?
?	滦	卵	乱	掠	略	?	轮	伦	仑	?	纶	论	萝	螺	?
逻	锣	?	骤	裸	落	洛	骆	络	妈	麻	玛	码	蚂	马	品
?	?	?	买	麦	卖	迈	脉	瞒	馒	蛮	满	蔓	曼	慢	漫
?	芒	?	?	氓	?	莽	猫	茅	锚	毛	矛	?	?	茂	?
帽	貌	贸	么	玫	枚	梅	酶	霉	煤	没	眉	媒	镁	每	美
味	?	妹	媚	?	?	们	萌	蒙	檬	明	锰	猛	梦	孟	?
迷	靡	?	迷	?	弥	米	秘	觅	泌	蜜	?	?	棉	?	绵
冕	免	勉	娩	缅	面	苗	描	瞄	?	秒	渺	庙	妙	蔑	灭
民	抿	?	敏	?	闽	明	?	鸣	铭	名	命	谬	摸	?	蘑
模	膜	?	摩	?	抹	末	莫	?	黑	沫	漠	寞	陌	谋	牟
某	拇	牡	亩	姆	母	墓	暮	幕	募	慕	木	?	睦	牧	穆
拿	哪	?	钠	那	娜	纳	?	乃	奶	耐	奈	南	男	难	囊
挠	脑	恼	闹	淖	呢	?	内	嫩	能	妮	?	倪	泥	尼	拟
你	若	腻	逆	溺	?	?	年	碾	?	?	念	娘	酿	鸟	尿
捏	?	?	啮	镊	镍	涅	您	柠	?	凝	?	拧	泞	牛	扭
?	纽	脓	浓	农	弄	奴	努	双	女	暖	虐	?	挪	?	糯
诺	哦	欧	鸥	?	藕	?	偶	?	啪	趴	?	帕	怕	琶	拍
排	牌	徘	湃	派	?	潘	盘	磐	盼	畔	判	叛	乓	庞	旁
榜	胖	抛	?	?	炮	袍	跑	泡	?	胚	培	裴	赔	陪	?
佩	沛	喷	盆	砰	?	?	澎	彭	蓬	棚	?	篷	膨	朋	鹏
捧	碰	坏	?	?	批	披	劈	琵	?	啤	脾	疲	皮	?	?
?	屁	?	篇	偏	片	骗	飘	漂	?	票	?	?	拼	频	贫
品	聘	?	坪	苹	萍	平	凭	瓶	评	屏	?	泼	?	婆	破
魄	迫	?	?	扑	铺	?	莆	葡	菩	蒲	埔	朴	甫	普	浦
谱	爆	瀑	期	欺	栖	戚	妻	?	凄	漆	柒	湖	其	棋	奇
歧	?	?	脐	齐	旗	祈	祁	骑	起	?	?	企	启	契	砌
器	?	?	弃	汽	泣	讫	?	恰	洽	牵	?	?	铅	?	迁
签	仟	谦	乾	?	钱	钳	前	潜	遣	浅	?	堑	嵌	欠	?
枪	呛	腔	?	墙	蔷	强	抢	毛	?	敲	悄	桥	瞧	乔	侨
巧	鞘	?	翘	?	俏	窍	切	茄	?	?	窃	钦	侵	亲	秦
琴	勤	芹	擒	禽	寝	沁	青	轻	氢	倾	卿	清	擎	晴	氰
情	顷	请	庆	琼	?	秋	丘	邱	球	求	人	?	?	趋	?
?	曲	躯	屈	驱	渠	取	?	龋	趣	去	卷	?	权	醛	泉
全	痊	拳	犬	券	劝	缺	炔	?	却	?	?	确	雀	裙	君
然	?	冉	染	襄	?	攘	?	让	饶	扰	绕	惹	?	?	?
?	忍	韧	任	?	刃	妊	纫	扔	仍	日	戎	茸	蓉	荣	融
熔	溶	容	绒	?	揉	柔	肉	茹	?	儒	孺	如	辱	乳	汝
?	褥	软	阮	?	瑞	锐	?	润	若	弱	撒	?	萨	腮	?
塞	赛	一	叁	伞	散	桑	?	丧	?	骚	扫	嫂	瑟	色	涩
森	僧	莎	砂	杀	刹	沙	纱	傻	啥	?	筛	晒	珊	苦	杉
?	删	?	衫	人	陕	擅	?	膳	善	汕	扇	?	?	伤	商
赏	响	上	尚	裳	梢	?	稍	烧	?	?	韶	少	?	?	绍
奢	赊	蛇	舌	舍	?	摄	射	?	涉	社	设	?	?	哺	伸
身	深	?	绅	神	沈	?	?	甚	肾	慎	渗	声	生	?	牲
升	绳	省	?	剩	胜	圣	师	失	狮	施	湿	诗	?	虱	?
石	拾	时	什	食	蚀	实	识	史	?	使	?	驶	始	式	示
?	世	柿	事	拭	?	?	势	是	?	噬	适	仕	侍	释	饰
氏	市	?	室	视	试	收	手	首	守	寿	授	售	受	瘦	兽
蔬	枢	梳	殊	抒	输	叔	舒	淑	疏	书	?	?	熟	薯	暑
曙	署	蜀	泰	鼠	属	术	述	树	?	成	?	墅	庶	数	漱
恕	刷	?	摔	衰	?	帅	栓	?	霜	双	爽	谁	水	睡	税
?	瞬	顺	舜	说	硕	朔	?	斯	撕	嘶	思	私	司	丝	死
?	寺	?	四	伺	?	饲	已	松	耸	?	?	送	宋	讼	诵
搜	艘	?	嗽	苏	酥	俗	素	速	?	?	塑	溯	宿	诉	肃
酸	蒜	算	虽	隋	随	绥	?	碎	岁	穗	遂	隧	崇	?	损
笋	?	梭	唆	缩	?	索	锁	所	塌	他	它	她	塔	獭	挞
?	踏	胎	苔	?	台	泰	?	太	态	汰	?	?	贪	?	滩
坛	檀	痰	潭	谭	谈	坦	毯	?	碳	探	?	炭	汤	塘	?
堂	棠	膛	唐	糖	倘	躺	淌	尚	烫	掏	涛	?	?	萄	桃
逃	淘	陶	讨	套	特	藤	腾	疼	誉	梯	剔	踢	锑	提	题
蹄	蹄	体	替	嚏	惕	涕	剃	?	天	添	填	田	甜	恬	?
?	挑	条	超	眺	跳	贴	铁	帖	?	听	烃	?	廷	停	?
庭	挺	?	通	桐	同	瞳	?	铜	彤	童	桶	?	筒	统	痛
偷	投	头	透	?	?	突	图	徒	途	涂	屠	?	?	?	?
团	推	颓	腿	蜕	褪	退	吞	屯	臀	拖	托	脱	驼	陀	?
驼	?	妥	拓	?	挖	哇	蛙	洼	娃	瓦	袜	歪	外	豌	?
湾	玩	顽	丸	?	完	碗	?	晚	皖	碗	宛	婉	?	腕	汪
王	?	?	?	往	旺	望	忘	妄	威	巍	微	危	韦	违	?
围	唯	惟	为	潍	维	苇	?	委	伟	伪	尾	纬	未	蔚	味
畏	胃	喂	魏	位	渭	谓	尉	慰	卫	?	温	蚊	文	闻	纹
吻	稳	?	问	?	翁	瓮	挝	蜗	涡	窝	我	?	卧	握	沃
?	?	钨	乌	污	?	屋	无	芜	梧	吾	吴	?	武	五	捂
午	舞	伍	?	坞	戊	雾	?	物	勿	务	悟	误	昔	?	析
西	硒	矽	晰	嘻	吸	锡	?	稀	息	希	悉	膝	?	惜	熄
烯	溪	?	?	?	袭	席	?	媳	喜	铣	洗	系	隙	戏	细
瞎	虾	?	霞	辖	暇	峡	侠	狭	?	?	夏	?	掀	?	先
仙	鲜	纤	咸	贤	衔	?	闲	?	弦	嫌	显	险	现	献	县
腺	馅	?	宪	陷	?	线	相	?	镶	香	箱	襄	湘	?	?
祥	详	想	响	享	项	巷	橡	像	向	象	萧	硝	霄	削	哮
?	销	消	宵	淆	晓	?	孝	校	肖	?	笑	效	楔	些	?
蝎	鞋	协	?	携	邪	斜	胁	谐	?	械	卸	蟹	懈	?	泻
谢	屑	薪	芯	锌	欣	辛	新	?	?	信	?	星	腥	猩	?
兴	?	型	形	邢	行	醒	幸	?	性	姓	兄	?	胸	?	汹
雄	熊	休	修	羞	朽	?	锈	秀	袖	绣	墟	?	需	虚	嘘
须	徐	许	蓄	?	叙	?	序	畜	?	絮	婿	绪	续	轩	?
宣	悬	旋	玄	选	?	眩	绚	?	薛	学	穴	雪	?	勋	熏
循	?	询	寻	?	巡	?	汛	训	讯	?	迅	压	押	鸦	鸭
呀	?	芽	牙	蚜	崖	?	涯	雅	业	?	讶	焉	?	?	烟
淹	盐	?	研	?	岩	延	?	颜	?	炎	沿	?	掩	眼	衍
演	艳	堰	燕	?	砚	雁	唱	彦	焰	宴	谚	验	?	央	鸯
秧	杨	扬	?	疡	羊	洋	阳	氧	?	痒	养	样	漾	邀	腰
妖	瑶	摇	尧	遥	窑	谣	姚	咬	?	药	要	耀	椰	壹	耶
爷	野	?	也	页	?	业	叶	曳	?	夜	液	?	壹	医	?
铱	依	伊	衣	颐	夷	遗	移	?	胰	疑	沂	宜	姨	彝	椅
?	倚	已	?	矣	?	艺	抑	易	邑	?	?	役	臆	逸	?
疫	亦	?	意	毅	?	?	益	溢	?	议	谊	译	异	翼	?
绎	茵	荫	因	?	音	阴	姻	吟	银	淫	寅	饮	尹	引	隐
?	英	?	?	鹰	应	?	莹	萤	营	荧	蝇	迎	赢	盈	影
颖	硬	映	哟	拥	佣	臃	痛	庸	雍	踊	?	咏	泳	涌	永
?	勇	用	?	优	悠	忧	尤	由	?	?	犹	油	游	?	有
友	右	佑	釉	诱	又	幼	迁	?	于	孟	榆	虞	愚	?	余
俞	逾	鱼	愉	渝	渔	隅	予	娱	雨	与	屿	禹	宇	语	羽
玉	域	芋	郁	?	遇	喻	?	御	愈	欲	狱	育	誉	浴	寓
裕	预	豫	驭	?	渊	兔	元	垣	袁	原	援	?	园	员	?
猿	源	缘	远	苑	愿	怨	院	?	约	越	跃	钥	岳	?	月
悦	阅	耘	云	?	匀	?	允	运	蕴	?	晕	韵	孕	?	砸
杂	栽	哉	灾	宰	载	再	在	咱	?	暂	赞	赃	脏	葬	遭
糟	?	藻	枣	早	澡	蚤	躁	噪	造	皂	灶	燥	责	择	则
泽	贼	怎	增	憎	曾	赠	扎	?	渣	札	轧	?	闸	?	?
榨	咋	乍	炸	诈	摘	斋	宅	窄	债	?	瞻	毡	詹	粘	沾
盏	?	辗	崭	展	蘸	栈	占	?	站	湛	绽	樟	章	彰	漳
张	掌	涨	杖	?	帐	账	?	胀	瘴	障	招	昭	找	沼	赵
照	罩	兆	肇	召	遮	折	哲	?	辙	者	锗	?	这	浙	珍
?	真	甄	砧	臻	贞	针	侦	枕	疹	?	震	振	镇	阵	蒸
挣	?	征	?	争	?	整	拯	正	政	?	症	郑	证	芝	枝
支	?	蜘	知	肢	脂	?	?	织	职	直	植	殖	?	值	?
址	指	?	?	只	旨	纸	志	挚	?	至	致	置	帜	?	制
智	秩	稚	质	?	痔	滞	治	室	?	?	忠	钟	?	终	种
肿	重	仲	众	舟	周	州	洲	诊	粥	轴	肘	?	咒	皱	宙
昼	?	珠	株	蛛	朱	猪	诸	诛	?	竹	烛	煮	?	瞩	?
主	著	柱	助	蛀	?	铸	筑	住	注	祝	驻	抓	?	拽	专
砖	转	撰	赚	篆	桩	庄	装	妆	撞	壮	状	椎	锥	追	?
坠	缀	?	准	捉	拙	卓	桌	?	茁	酌	?	着	灼	浊	兹
咨	资	姿	?	淄	孜	紫	仔	籽	?	子	自	渍	字	?	棕
踪	宗	综	总	纵	邹	走	奏	揍	租	足	?	族	祖	?	阻
组	钻	?	嘴	醉	最	罪	尊	遵	昨	左	佐	?	做	作	坐
座	?	?	?	?	?	?	不	?	?	?	?	?	?	?	?
?	毛	天	?	?	氏	?	胤	道	?	?	?	?	吸	鼎	也
?	元	?	?	?	?	?	库	厝	?	?	斯	?	?	?	回
轨	贵	?	?	卦	?	?	?	勿	到	?	岁	凯	刺	奇	?
宛	前	?	?	?	?	?	?	?	?	门	?	?	?	?	么
?	?	低	?	佤	件	?	?	?	?	?	?	攸	佚	?	修
佗	?	伽	?	?	?	?	侃	?	?	?	?	?	侬	?	?
?	俪	?	?	?	?	俑	?	俸	倩	偌	?	倬	?	?	?
?	调	?	?	?	债	?	偕	?	?	?	?	?	?	?	?
?	?	?	?	?	?	?	?	?	?	?	?	?	?	?	兮
?	?	?	单	?	?	?	?	?	?	夙	?	?	?	?	衮
?	?	?	衷	?	?	?	?	?	?	?	洗	松	?	家	?
?	?	?	?	?	?	讷	话	?	?	诏	?	?	?	?	?
?	?	?	?	诠	?	?	?	?	?	?	矣	?	?	?	?
?	询	?	谌	?	?	?	谔	谕	?	?	谛	?	?	谟	说
?	?	?	?	?	?	谯	?	?	?	?	?	?	?	?	阡
?	阪	?	?	陂	?	咳	?	隍	?	睡	?	限	隍	?	?
?	?	?	?	?	?	?	?	?	?	?	?	郏	?	郑	会
?	?	?	丽	?	?	?	?	?	?	?	?	?	?	?	翻
?	?	?	?	?	奂	?	?	?	?	?	勐	?	?	?	燮
?	?	?	水	?	?	?	?	?	?	?	?	?	?	?	?
?	?	?	圳	?	?	?	?	?	坂	?	?	?	?	?	?
坨	?	?	幼	?	?	?	?	?	?	?	?	?	?	?	?
?	?	?	填	?	?	?	?	?	?	?	?	?	?	?	?
?	?	?	?	墉	?	?	馨	?	懿	?	?	?	?	芊	?
?	?	芭	?	芙	莞	芸	?	?	?	?	苣	?	芷	芮	宽
?	?	?	易	芡	芪	?	?	?	?	苡	茉	?	?	?	?
?	?	?	?	?	?	苓	?	印	节	?	?	?	?	茜	?
?	?	?	营	?	茴	?	?	?	茯	?	?	荃	荟	?	茗
荠	菱	?	?	?	荣	尊	?	?	?	?	?	药	茨	?	?
莴	?	義	莓	莜	莅	茶	签	?	?	?	?	?	莞	?	莺
?	菁	?	?	?	?	?	?	?	?	?	?	?	?	?	?
?	?	萃	?	?	?	?	菀	?	?	?	?	?	?	?	?
?	?	?	?	?	?	葆	?	?	?	?	萱	?	?	著	?
?	?	蓓	?	蒿	?	萬	?	兼	?	?	?	?	?	?	?
?	?	?	蔺	?	蔻	?	?	蕙	?	蕨	?	?	?	曹	番
?	?	?	?	?	?	?	数	薛	?	墓	?	薰	藓	?	黎
?	?	衡	?	?	?	?	?	乔	?	?	奕	?	?	?	无
?	尬	?	扌	?	转	押	?	拼	?	?	?	?	?	?	?
?	?	握	?	椅	捆	?	?	?	?	?	?	?	?	?	钦
?	?	?	摒	?	?	?	?	?	?	?	?	?	?	?	?
?	?	?	?	撸	?	?	擀	?	?	?	?	?	?	?	?
?	贰	?	?	?	?	?	?	叻	?	?	吆	?	?	?	?
?	?	?	呗	?	?	吲	?	咔	?	?	呤	咚	?	?	?
呦	丝	?	?	?	?	哒	?	?	晓	?	此	咪	?	咻	伊
?	?	哚	?	?	咪	咤	?	?	?	?	味	?	?	?	?
唢	?	?	?	?	?	喷	?	喵	?	转	?	陶	?	?	?
?	?	啵	啶	?	喉	?	?	?	嗒	?	?	?	嘴	?	?
?	?	暗	?	?	楼	?	喔	?	嗪	?	?	嘟	嗑	?	?
?	?	隔	?	?	?	?	?	溢	?	?	通	?	?	嘞	?
?	?	?	?	?	嘀	?	?	?	?	噗	嘬	?	?	?	噜
?	?	?	?	?	憶	?	辟	?	?	?	?	?	子	?	?
?	?	有	吾	?	?	?	?	?	?	帑	?	?	中	?	?
?	?	?	蟠	?	?	?	岐	?	?	?	?	岑	岚	?	咕
?	?	?	?	岱	?	?	?	峰	山	?	?	?	?	?	崧
?	固	?	?	空	崛	?	?	?	?	?	?	?	楼	?	?
嵊	嵩	?	?	?	橙	?	疑	巅	?	?	?	?	祥	?	徕
?	徜	徨	?	?	?	?	?	?	?	狂	?	犸	狂	?	?
?	?	?	?	?	?	?	?	?	?	?	?	骏	?	?	?
貌	?	猝	?	?	?	猥	猬	?	?	?	?	?	?	?	?
?	?	?	?	?	?	?	?	饨	?	饪	?	?	?	?	?
?	馄	?	?	馍	?	?	?	?	?	?	?	度	?	麻	?
?	庵	庾	?	?	傲	?	墨	解	?	膺	?	?	?	?	?
?	?	?	?	?	?	?	松	?	?	恬	?	怦	恒	快	?
?	佛	?	?	怡	?	?	?	恺	恂	恪	?	?	?	?	?
?	?	?	俊	?	?	?	尚	?	调	?	悴	?	?	?	?
?	?	?	?	谦	慵	憬	?	憧	?	?	?	?	?	?	自
?	?	闵	?	?	?	?	?	?	?	?	阅	?	?	於	?
?	阖	?	?	?	?	?	?	?	汽	?	汉	?	?	沐	沔
沌	?	?	?	汶	?	?	?	?	?	泷	泸	?	泗	?	冷
?	泺	?	?	沱	?	泯	泾	?	?	?	?	?	?	?	?
泊	?	?	?	?	?	浏	浒	浔	如	?	?	?	?	淀	?
?	浜	浠	?	浣	?	淇	浙	淞	渎	?	?	?	涂	肥	?
演	?	?	涮	?	?	?	秋	?	湟	?	湓	?	?	?	湄
?	?	溢	?	?	滢	?	?	?	?	?	?	溴	滏	?	?
?	潢	?	潇	林	漕	?	漯	?	敛	猪	漪	?	旋	澈	?
淇	潜	?	潼	?	?	?	澧	?	?	?	?	濮	?	濠	灌
瀚	?	瀛	?	溝	灏	灞	?	究	?	宓	?	宸	?	骞	?
?	寮	?	?	?	?	?	?	连	?	迮	?	迩	迦	?	?
逅	逢	通	?	?	逍	?	?	?	?	追	?	遇	?	?	遐
?	?	?	遛	?	?	?	?	貌	邃	?	?	?	?	?	?
?	履	?	?	?	?	?	?	?	?	弗	?	?	?	?	妃
妍	?	?	?	?	?	?	妞	妤	?	?	?	姗	?	娅	?
姝	?	姣	?	?	?	娉	娲	娴	?	娣	?	?	婧	婊	婕
?	?	婵	裔	?	媛	婷	婺	?	?	媲	?	嫔	?	?	?
?	?	?	?	蟑	嬉	?	?	?	嬷	?	?	?	孚	?	?
子	子	孢	?	?	?	?	驿	驾	?	骁	?	?	?	骐	骤
?	?	?	?	?	骝	骗	骠	?	?	骥	?	?	纤	纣	?
?	?	?	?	?	?	?	?	?	?	?	?	?	绗	?	?
绡	?	绫	绮	?	?	?	?	绶	络	?	?	?	?	?	缇
?	绩	?	便	?	?	?	缙	?	孵	?	璃	?	?	缤	缥
缦	?	缪	?	?	缭	?	缰	缝	?	?	?	?	畿	?	?
?	?	玑	玮	?	?	?	珂	珑	?	?	珀	?	珈	?	?
?	琊	?	?	珞	玺	?	?	琪	瑛	琦	琥	琨	?	?	琬
琛	?	?	瑜	?	瑕	瑙	瑷	塘	瑾	璜	?	璀	?	?	璋
璞	璨	?	?	璧	?	?	?	?	?	机	?	杞	权	?	?
枇	秒	香	柄	?	?	?	枞	枭	?	杷	?	?	?	?	?
?	秤	?	神	号	柚	积	?	?	?	枸	?	?	?	?	?
佬	?	?	?	桢	?	?	挺	?	柏	桦	?	?	桀	栾	?
?	?	梵	?	?	桶	梓	?	?	?	梦	?	?	?	?	?
?	?	?	棣	据	?	?	楠	楂	?	榄	?	?	?	?	?
槌	?	榈	槎	榉	檀	?	楹	榛	框	榻	?	榭	?	?	?
?	槟	榕	?	?	槿	?	?	?	?	?	桶	橄	?	?	?
?	樵	?	?	樽	?	橘	橡	?	檐	?	?	擦	?	?	?
?	?	?	?	?	?	弹	?	殡	?	?	?	?	?	?	?
轶	?	轩	?	?	轼	?	?	?	?	?	?	辍	?	?	?
?	?	?	?	?	戟	?	?	?	?	?	?	?	?	?	?
?	劈	支	?	?	?	昊	?	?	?	昕	?	?	?	?	?
昱	昶	昵	?	晟	?	?	晏	晖	哺	晗	?	?	?	暖	?
?	?	曜	曦	囊	?	?	?	?	?	?	咳	?	?	?	?
?	?	?	?	?	?	卖	俞	靓	?	虚	?	?	?	耗	?
悟	特	?	?	?	?	搞	?	?	?	?	?	?	?	毛	?
?	?	擎	?	?	戳	气	?	?	?	?	?	?	氪	盒	?
?	?	?	?	?	爱	?	?	?	彤	育	?	?	肽	肱	?
?	肴	?	胧	陈	?	胪	?	?	?	?	肌	胗	?	眠	?
胱	?	?	脍	?	?	?	朕	胖	豚	?	?	?	?	脲	?
腌	?	?	?	?	腱	?	腩	?	?	?	?	?	?	?	?
?	滕	?	膀	膨	朦	臊	?	?	?	?	?	?	?	歆	?
?	?	风	?	?	?	?	?	毂	?	斐	?	?	於	?	?
旗	?	?	?	旖	?	炜	炖	炝	?	?	?	炫	?	烨	烊
?	?	?	?	?	蝴	煜	煨	?	煲	煊	煸	?	?	?	?
?	熠	烟	?	?	?	?	?	?	?	?	?	?	?	局	扈
扉	礻	祀	?	?	祛	?	?	?	?	?	祠	祯	?	祺	禅
?	?	禧	?	?	?	?	?	?	?	?	恙	恣	?	?	?
?	憩	?	?	满	?	?	聿	?	?	?	矶	?	?	?	?
?	?	?	?	?	?	?	砺	?	?	砼	砥	碰	?	?	研
?	?	?	?	同	?	?	?	?	?	碚	?	?	?	碣	?
?	?	?	?	?	馨	?	?	?	疆	?	?	礴	?	?	?
?	盱	?	?	?	?	?	告	智	?	?	?	?	眸	?	脸
?	?	?	?	?	脾	睿	?	?	?	瞌	?	?	?	瞰	?
?	?	界	?	?	?	?	?	?	?	?	罡	?	?	卷	黑
罱	?	?	?	益	?	益	?	?	钇	?	钊	钉	针	?	?
?	钗	?	?	钛	?	钣	铃	?	?	?	钦	钯	钰	?	?
?	?	?	?	?	钼	?	?	?	?	铉	?	?	?	铍	铎
?	佬	?	?	?	?	?	?	铛	锦	?	铠	?	链	?	铧
铨	?	?	?	?	绝	?	?	铵	?	?	?	?	铿	?	锂
锆	?	锉	?	?	?	铜	银	?	铜	?	?	?	?	?	?
锟	?	?	?	?	锁	?	锲	?	锶	?	?	?	?	?	镂
锵	?	?	?	?	镌	?	?	?	?	?	镖	?	?	?	?
?	?	?	?	?	?	?	?	?	错	?	强	?	?	?	镜
?	?	?	?	?	雉	?	?	?	林	?	?	?	粮	?	稔
?	稷	?	黏	馥	?	?	?	皓	?	?	?	?	甬	?	鸢
?	?	?	?	?	?	?	?	?	?	?	?	鸾	?	丽	鸽
鸽	?	?	?	?	鹤	鸭	鹑	胡	?	?	?	?	鹞	?	?
?	?	?	?	?	?	?	鹭	?	?	疗	?	?	?	?	疣
?	狗	?	?	?	?	?	?	?	?	痣	?	?	座	痫	痧
豚	痱	?	?	?	?	?	?	?	猴	?	?	?	瘙	?	膜
搬	?	廣	?	?	?	?	?	?	?	斑	?	?	?	?	?
?	翊	?	?	?	?	?	窈	窕	窦	巢	?	?	?	?	衣
?	?	社	?	?	?	裆	?	格	?	?	?	?	?	裱	褚
?	?	?	?	?	?	保	?	?	槛	?	褶	强	?	?	正
?	?	?	矜	末	籽	秒	?	?	?	?	耦	?	?	?	磨
?	耵	?	聆	?	?	?	?	覃	预	?	顽	?	颌	颖	?
额	?	?	?	?	?	?	额	?	?	虔	?	?	?	?	?
虹	蚨	?	?	?	蚝	?	?	蚪	?	?	?	?	?	蛎	?
?	?	?	?	蜂	?	?	?	?	蛭	师	?	?	?	?	?
鲜	?	?	?	?	?	?	?	?	?	蜻	?	?	?	?	?
?	蜴	蜱	?	?	?	?	?	蝽	?	?	蝠	?	?	?	?
?	?	?	?	?	?	?	?	?	?	?	?	媳	?	?	螃
?	?	?	?	?	?	?	?	蟑	?	?	?	?	蟠	鳝	?
?	?	?	?	?	?	?	?	罂	馨	?	?	?	?	笈	笃
?	?	?	第	?	?	?	?	笙	?	?	?	?	?	?	?
?	箱	?	?	?	?	筝	筠	?	?	?	?	筱	箐	?	?
箸	?	箱	?	算	?	?	?	?	?	?	算	?	篝	?	?
?	?	?	?	?	?	?	?	?	?	登	簸	籁	?	?	?
春	?	?	?	?	?	?	?	?	?	?	?	鲈	舶	?	?
?	?	孟	?	?	幢	?	?	?	?	裘	?	?	?	羟	?
?	炭	?	?	?	粑	?	?	?	?	?	?	粽	?	?	?
?	精	?	?	强	?	暨	羿	翎	?	?	翡	剪	翻	?	?
系	?	?	繁	?	?	?	?	?	?	?	?	赞	?	?	?
?	?	酐	耐	?	?	?	?	?	?	酯	?	丽	醒	?	?
?	?	胡	是	?	?	?	?	?	礁	?	?	?	?	家	卤
?	?	?	?	整	趵	?	?	?	?	?	?	珊	?	?	?
?	跆	?	?	?	?	跃	?	?	跟	?	?	?	?	?	店
?	?	?	?	?	?	?	?	蹉	骗	躁	?	?	?	厨	?
?	?	?	?	?	?	?	?	?	?	貂	?	貅	?	貔	斛
?	筋	?	?	?	?	?	?	?	靓	?	?	?	霆	?	需
?	?	?	?	?	霾	?	?	?	?	齿	?	?	齿	屋	?
電	?	?	?	隽	?	?	?	?	?	?	?	?	?	?	?
?	鑫	鱿	?	?	鲜	?	鲈	?	?	?	?	?	?	?	?
?	?	?	?	?	丽	连	坚	?	?	?	鲨	?	?	?	?
?	?	鲲	?	鱼	?	鲶	周	?	?	?	?	鳄	?	?	?
?	?	鳌	鳍	?	?	?	?	?	?	?	?	?	?	鳝	尊
?	?	?	?	?	?	?	?	?	?	?	?	?	骷	?	骶
?	骼	?	?	髅	骼	?	?	?	?	?	魔	鬼	?	?	?
飨	?	?	号	雍	?	?	髦	髯	?	?	?	?	?	?	?
?	?	?	森	?	?	?	?	?	?	?	麝	?	黛	?	黑
點	?	?	?	?	黑	?	?	?	?	五	?	?	?	軒	?
?	物	?	?	?	达	?	?	?	昆	?	?	焗	?	?	?
瞭	?	?	?	?	?	?	?	?	?	?	?	?	?	?	?
